<?xml version="1.0" encoding="UTF-8" standalone="yes"?>
<addon id="repository.VipRepo" name="VipRepo" version="1.0.0" provider-name="VipRepo">
	<extension point="xbmc.addon.repository" name="VipRepo">
		<info compressed="false">https://raw.githubusercontent.com/kodianonymous1/VipRepo/master/repository/addons.xml</info>
		<checksum>https://raw.githubusercontent.com/kodianonymous1/VipRepo/master/repository/addons.xml.md5</checksum>
		<datadir zip="true">https://github.com/kodianonymous1/VipRepo/raw/master/repository/zips/</datadir>
	</extension>
	<extension point="xbmc.addon.metadata">
		<summary>wt</summary>
		<description>THE MOST ANONYMOUSE REPO ON KODI</description>
		<platform>all</platform>
	</extension>
</addon>