<?xml version="1.0" encoding="UTF-8" standalone="yes"?>
<addon id="repository.anonymousvip" name="anonymousvip" version="1.0.0" provider-name="anonymousvip">
	<extension point="xbmc.addon.repository" name="anonymousvip">
		<info compressed="false">http://anonymous1.net/repo/viprepo/addons.xml</info>
		<checksum>http://anonymous1.net/repo/viprepo/addons.xml.md5</checksum>
		<datadir zip="true">http://anonymous1.net/repo/viprepo/zips/</datadir>
	</extension>
	<extension point="xbmc.addon.metadata">
		<summary>wt</summary>
		<description>THE MOST ANONYMOUSE REPO ON KODI</description>
		<platform>all</platform>
	</extension>
</addon>